Fannie,1974-7-22
Darline,1906-12-9
Patti,1967-6-25
Marybeth,1928-1-28
Cyndi,1959-1-21
Letitia,1926-12-23
Tamma,1950-7-4
Jess,1968-3-25
Voltaire,1901-7-9
Oona,1920-8-5
Roanne,1957-9-26
Babara,1964-3-10
Royce,1900-11-26
Neila,1914-8-17
Dyana,1976-3-4
Guglielma,1987-1-5
Kellen,1922-10-23
Storey,1988-7-13
Huey,1919-1-22
Ethelbert,1994-9-9
Wynny,1930-12-6
Bert,1978-11-28
Skipton,1919-9-6
Normie,1981-4-11
Teresa,1964-4-27
Charlot,1993-2-9
Cecile,1963-4-7
Joab,1978-9-4
Melisenda,1972-10-15
Elisabet,1926-1-3
Eden,1976-9-25
Somerset,1968-5-3
Kelcie,1929-5-11
Giovanne,1941-8-18
Bevvy,1909-6-23
Andrea,1959-4-3
Lewis,1974-3-5
Tonnie,1926-1-28
Sadie,1903-4-28
Emyle,1964-9-18
Trenna,1907-1-27
Myron,1948-4-18
Christy,1935-2-5
Neala,1957-7-8
Bunnie,1987-9-15
Nathanial,1912-4-10
Rudiger,1966-7-11
Merlin,1909-2-24
Concordia,1901-2-9
Aubrey,1993-7-16
Wiatt,1931-9-27
Levy,1970-8-15
Rosette,1950-6-7
Ashley,1959-5-1
Garth,1934-3-7
Jessamyn,1991-1-6
Zea,1957-9-7
Lian,1905-9-7
Ekaterina,1996-11-11
Herby,1937-2-24
Tracy,1992-12-18
Sayres,1929-5-22
Zia,1954-5-15
Earl,1929-4-9
Stafani,1986-9-21
Jane,1995-9-28
Appolonia,1978-3-1
Westley,1942-3-24
Oberon,1948-11-1
Randene,1946-10-27
Dee Dee,1984-2-23
Stefania,1945-10-19
Lazlo,1928-1-18
Loren,1962-9-16
Helaine,1973-7-14
Norina,1970-5-11
Eleonore,1918-3-26
Hy,1990-12-16
Kameko,1959-11-5
Merrilee,1980-7-24
Trixy,1954-4-16
Anny,1958-10-10
Charyl,1963-11-4
Filbert,1925-12-25
Ariella,1923-11-17
Yancey,1978-2-15
Alli,1984-1-21
Alexine,1967-1-7
Danell,1995-2-4
Florie,1930-9-24
Codi,1932-5-7
Emily,1955-4-15
Ruddie,1973-10-15
Camel,1919-3-12
Lester,1948-6-4
Matthus,1984-8-8
Constantine,1998-3-15
Cherida,1916-12-19
Ripley,1940-12-4
